Workbook

Sheet Scorecard
A1: Tester Performance Report
A2: Live tracker data | Generated 23 Oct 2026, 22:23
A4: Tester | B4: Role | C4: Cases assigned | D4: Passed / Deployed | E4: In progress | F4: Not run | G4: Blocked | H4: With developer (Failed) | I4: Awaiting retest | J4: Completion rate | K4: Defects raised | L4: Cases failed 2+ times | M4: Avg retest turnaround (hrs) | N4: Fail remarks with detail | O4: Attachments uploaded | P4: Idle open cases (7+ days) | Q4: Completion pts | R4: Turnaround pts | S4: Remark pts | T4: Evidence pts | U4: Idle pts | V4: Overall score (0-100) | W4: Rating
A5: Sam | B5: QA Engineer | C5: 2 | D5: 2 | E5: 0 | F5: 0 | G5: 0 | H5: 0 | I5: 0 | J5: =IFERROR(D5/C5,0) | K5: 0 | L5: 0 | N5: =IF(K5=0,"",0/K5) | O5: 0 | P5: 0 | Q5: =J5*100 | R5: =IF(M5="","",MAX(0,MIN(100,(Settings!$B$9-M5)/(Settings!$B$9-Settings!$B$8)*100))) | S5: =IF(N5="","",N5*100) | T5: =IF(K5=0,"",MIN(1,O5/K5)*100) | U5: =IF((E5+F5+G5+I5)=0,"",(1-P5/(E5+F5+G5+I5))*100) | V5: =IFERROR((IF(ISNUMBER(Q5),Q5*Settings!$B$3,0)+IF(ISNUMBER(R5),R5*Settings!$B$4,0)+IF(ISNUMBER(S5),S5*Settings!$B$5,0)+IF(ISNUMBER(T5),T5*Settings!$B$6,0)+IF(ISNUMBER(U5),U5*Settings!$B$7,0))/(IF(ISNUMBER(Q5),Settings!$B$3,0)+IF(ISNUMBER(R5),Settings!$B$4,0)+IF(ISNUMBER(S5),Settings!$B$5,0)+IF(ISNUMBER(T5),Settings!$B$6,0)+IF(ISNUMBER(U5),Settings!$B$7,0)),"") | W5: =IF(V5="","No data",IF(V5>=Settings!$B$10,"Strong",IF(V5>=Settings!$B$11,"Meets expectations","Needs improvement")))
A6: Jordan | B6: Automation Engineer | C6: 2 | D6: 0 | E6: 1 | F6: 1 | G6: 0 | H6: 0 | I6: 0 | J6: =IFERROR(D6/C6,0) | K6: 0 | L6: 0 | N6: =IF(K6=0,"",0/K6) | O6: 0 | P6: 0 | Q6: =J6*100 | R6: =IF(M6="","",MAX(0,MIN(100,(Settings!$B$9-M6)/(Settings!$B$9-Settings!$B$8)*100))) | S6: =IF(N6="","",N6*100) | T6: =IF(K6=0,"",MIN(1,O6/K6)*100) | U6: =IF((E6+F6+G6+I6)=0,"",(1-P6/(E6+F6+G6+I6))*100) | V6: =IFERROR((IF(ISNUMBER(Q6),Q6*Settings!$B$3,0)+IF(ISNUMBER(R6),R6*Settings!$B$4,0)+IF(ISNUMBER(S6),S6*Settings!$B$5,0)+IF(ISNUMBER(T6),T6*Settings!$B$6,0)+IF(ISNUMBER(U6),U6*Settings!$B$7,0))/(IF(ISNUMBER(Q6),Settings!$B$3,0)+IF(ISNUMBER(R6),Settings!$B$4,0)+IF(ISNUMBER(S6),Settings!$B$5,0)+IF(ISNUMBER(T6),Settings!$B$6,0)+IF(ISNUMBER(U6),Settings!$B$7,0)),"") | W6: =IF(V6="","No data",IF(V6>=Settings!$B$10,"Strong",IF(V6>=Settings!$B$11,"Meets expectations","Needs improvement")))
A7: Riley | B7: QA Engineer | C7: 3 | D7: 1 | E7: 0 | F7: 0 | G7: 0 | H7: 1 | I7: 1 | J7: =IFERROR(D7/C7,0) | K7: 4 | L7: 1 | M7: 12 | N7: =IF(K7=0,"",3/K7) | O7: 0 | P7: 0 | Q7: =J7*100 | R7: =IF(M7="","",MAX(0,MIN(100,(Settings!$B$9-M7)/(Settings!$B$9-Settings!$B$8)*100))) | S7: =IF(N7="","",N7*100) | T7: =IF(K7=0,"",MIN(1,O7/K7)*100) | U7: =IF((E7+F7+G7+I7)=0,"",(1-P7/(E7+F7+G7+I7))*100) | V7: =IFERROR((IF(ISNUMBER(Q7),Q7*Settings!$B$3,0)+IF(ISNUMBER(R7),R7*Settings!$B$4,0)+IF(ISNUMBER(S7),S7*Settings!$B$5,0)+IF(ISNUMBER(T7),T7*Settings!$B$6,0)+IF(ISNUMBER(U7),U7*Settings!$B$7,0))/(IF(ISNUMBER(Q7),Settings!$B$3,0)+IF(ISNUMBER(R7),Settings!$B$4,0)+IF(ISNUMBER(S7),Settings!$B$5,0)+IF(ISNUMBER(T7),Settings!$B$6,0)+IF(ISNUMBER(U7),Settings!$B$7,0)),"") | W7: =IF(V7="","No data",IF(V7>=Settings!$B$10,"Strong",IF(V7>=Settings!$B$11,"Meets expectations","Needs improvement")))
A9: Team total | C9: =SUM(C5:C7) | D9: =SUM(D5:D7) | E9: =SUM(E5:E7) | F9: =SUM(F5:F7) | G9: =SUM(G5:G7) | H9: =SUM(H5:H7) | I9: =SUM(I5:I7) | J9: =IFERROR(D9/C9,0) | K9: =SUM(K5:K7) | L9: =SUM(L5:L7) | O9: =SUM(O5:O7) | P9: =SUM(P5:P7)
A11: Column guide: grey 'pts' columns are the score components (0-100). Weights and thresholds are on the Settings sheet.
A12: Caution: fewer than 10 cases per tester - too little data for a fair comparison.

Sheet Settings
A1: Score settings (edit the blue cells; the Scorecard recalculates)
A3: Weight: completion rate | B3: 40
A4: Weight: retest turnaround | B4: 20
A5: Weight: fail remarks with detail | B5: 20
A6: Weight: evidence attached | B6: 10
A7: Weight: no idle cases | B7: 10
A8: Turnaround full marks at or under (hours) | B8: 24
A9: Turnaround zero marks at or over (hours) | B9: 72
A10: Rating 'Strong' at score of | B10: 80
A11: Rating 'Meets expectations' at score of | B11: 60
A13: Notes
A14: Completion rate = cases Passed/Deployed ÷ cases assigned to the tester.
A15: Retest turnaround = average hours from a developer's 'Fixed' to the tester's next Pass/Fail on that case.
A16: Fail remarks with detail = share of the tester's Fail remarks that are 30+ characters (a reproducible description).
A17: Evidence attached = file attachments uploaded ÷ defects raised (capped at 100%).
A18: No idle cases = share of the tester's open cases touched in the last 7 days.
A19: Defects raised is shown for context but NOT scored: it depends on code quality and on which cases were assigned.
A20: If a measure has no data (e.g. no retests yet) it is left out and the other weights are rescaled.
A21: The score is a guide for discussion, not a verdict. Read it with the manager's own knowledge of case difficulty and volume.

Sheet Case detail
A1: Test ID | B1: Description | C1: Screen | D1: Priority | E1: Tester | F1: Developer | G1: Status | H1: Fail count | I1: Last updated | J1: Days since update
A2: TC-101 | B2: Log in with valid credentials | C2: Login Screen | D2: High | E2: Sam | F2: Priya | G2: Passed | H2: 0 | I2: 23/10/2026 | J2: 0
A3: TC-102 | B3: Reject wrong password | C3: Login Screen | D3: High | E3: Sam | F3: Priya | G3: Passed | H3: 0 | I3: 23/10/2026 | J3: 0
A4: TC-103 | B4: Reset password by email | C4: Forgot Password Screen | D4: Medium | E4: Riley | F4: Priya | G4: Failed | H4: 1 | I4: 23/10/2026 | J4: 0
A5: TC-104 | B5: Add item to cart | C5: Cart Screen | D5: High | E5: Jordan | F5: Chen | G5: In progress | H5: 0 | I5: 23/10/2026 | J5: 0
A6: TC-105 | B6: Apply discount code | C6: Cart Screen | D6: Medium | E6: Riley | F6: Chen | G6: Fixed | H6: 2 | I6: 23/10/2026 | J6: 0
A7: TC-106 | B7: Pay with saved card | C7: Payment Screen | D7: High | E7: Jordan | F7: Chen | G7: Not run | H7: 0 | I7: 23/10/2026 | J7: 0
A8: TC-107 | B8: Export report as CSV | C8: Reports Screen | D8: Low | E8: Unassigned | F8: Unassigned | G8: Not run | H8: 0 | I8: 23/10/2026 | J8: 0
A9: TC-108 | B9: v1 | C9: Doctor screen | D9: Medium | E9: Riley | F9: Priya | G9: Passed | H9: 1 | I9: 23/10/2026 | J9: 0
